Period,A,B,C,D,E
"(1901, 1930)",29.198820117482494,44.859868597510214,17.73859160968837,34.57249306339579,10.445397084928794
"(1931, 1960)",29.68192172591848,44.96643523068703,17.649090802661906,34.43126722056799,10.086455493170249
"(1961, 1990)",29.566298538236786,44.85958222516699,17.41689816904143,34.88590558082941,10.086485959731009
"(1991, 2020)",30.24472124099442,45.7599597596256,17.405899855695466,34.57400670179284,8.83058291489732
"(2041, 2070)",32.125110374877515,46.667752068077505,16.946687556988646,34.416850157775805,6.658770315286172
"(2071, 2099)",32.792942907094584,47.42154058972836,16.829798086050584,33.87181345025705,5.899075439875068
